Workbook

Sheet Plan1
B3: MESA 01 | F3: MESA 02
B4: NOME | C4: ADULTO | D4: CRIANÇA | F4: NOME | G4: ADULTO | H4: CRIANÇA
B5: 1- | F5: 1-
B6: 2- | F6: 2-
B7: 3- | F7: 3-
B8: 4- | F8: 4-
B9: 5- | F9: 5-
B10: 6- | F10: 6-
B11: 7- | F11: 7-
B12: 8- | F12: 8-
B13: 9- | F13: 9-
B14: 10- | F14: 10-
B15: Quantidade: | C15: =SUM(C5:C14) | D15: =SUM(D5:D14) | F15: Quantidade: | G15: =SUM(G5:G14) | H15: =SUM(H5:H14)
B16: TOTAL | C16: =SUM(C15:D15) | F16: TOTAL | G16: =SUM(G15:H15)
B19: MESA 03 | F19: MESA 04
B20: NOME | C20: ADULTO | D20: CRIANÇA | F20: NOME | G20: ADULTO | H20: CRIANÇA
B21: 1- | F21: 1-
B22: 2- | F22: 2-
B23: 3- | F23: 3-
B24: 4- | F24: 4-
B25: 5- | F25: 5-
B26: 6- | F26: 6-
B27: 7- | F27: 7-
B28: 8- | F28: 8-
B29: 9- | F29: 9-
B30: 10- | F30: 10-
B31: QUANTIDADE | C31: =SUM(C21:C30) | D31: =SUM(D21:D30) | F31: QUANTIDADE | G31: =SUM(G21:G30) | H31: =SUM(H21:H30)
B32: TOTAL | C32: =SUM(C31:D31) | F32: TOTAL | G32: =SUM(G31:H31)
B35: MESA 05 | F35: MESA 06
B36: NOME | C36: ADULTO | D36: CRIANÇA | F36: NOME | G36: ADULTO | H36: CRIANÇA
B37: 1- | F37: 1-
B38: 2- | F38: 2-
B39: 3- | F39: 3-
B40: 4- | F40: 4-
B41: 5- | F41: 5-
B42: 6- | F42: 6-
B43: 7- | F43: 7-
B44: 8- | F44: 8-
B45: 9- | F45: 9-
B46: 10- | F46: 10-
B47: QUANTIDADE | C47: =SUM(C37:C46) | D47: =SUM(D37:D46) | F47: QUANTIDADE | G47: =SUM(G37:G46) | H47: =SUM(H37:H46)
B48: TOTAL | C48: =SUM(C47:D47) | F48: TOTAL | G48: =SUM(G47:H47)
B51: MESA 07 | F51: MESA 08
B52: NOME | C52: ADULTO | D52: CRIANÇA | F52: NOME | G52: ADULTO | H52: CRIANÇA
B53: 1- | F53: 1-
B54: 2- | F54: 2-
B55: 3- | F55: 3-
B56: 4- | F56: 4-
B57: 5- | F57: 5-
B58: 6- | F58: 6-
B59: 7- | F59: 7-
B60: 8- | F60: 8-
B61: 9- | F61: 9-
B62: 10- | F62: 10-
B63: QUANTIDADE | C63: =SUM(C53:C62) | D63: =SUM(D53:D62) | F63: QUANTIDADE | G63: =SUM(G53:G62) | H63: =SUM(H53:H62)
B64: TOTAL | C64: =SUM(C63:D63) | F64: TOTAL | G64: =SUM(G63:H63)
B67: MESA 09 | F67: MESA 10
B68: NOME | C68: ADULTO | D68: CRIANÇA | F68: NOME | G68: ADULTO | H68: CRIANÇA
B69: 1- | F69: 1-
B70: 2- | F70: 2-
B71: 3- | F71: 3-
B72: 4- | F72: 4-
B73: 5- | F73: 5-
B74: 6- | F74: 6-
B75: 7- | F75: 7-
B76: 8- | F76: 8-
B77: 9- | F77: 9-
B78: 10- | F78: 10-
B79: QUANTIDADE | C79: =SUM(C69:C78) | D79: =SUM(D69:D78) | F79: QUANTIDADE | G79: =SUM(G69:G78) | H79: =SUM(H69:H78)
B80: TOTAL | C80: =SUM(C79:D79) | F80: TOTAL | G80: =SUM(G79:H79)
B83: MESA 11 | F83: MESA 12
B84: NOME | C84: ADULTO | D84: CRIANÇA | F84: NOME | G84: ADULTO | H84: CRIANÇA
B85: 1- | F85: 1-
B86: 2- | F86: 2-
B87: 3- | F87: 3-
B88: 4- | F88: 4-
B89: 5- | F89: 5-
B90: 6- | F90: 6-
B91: 7- | F91: 7-
B92: 8- | F92: 8-
B93: 9- | F93: 9-
B94: 10- | F94: 10-
B95: QUANTIDADE | C95: =SUM(C85:C94) | D95: =SUM(D85:D94) | F95: QUANTIDADE | G95: =SUM(G85:G94) | H95: =SUM(H85:H94)
B96: TOTAL | C96: =SUM(C95:D95) | F96: TOTAL | G96: =SUM(G95:H95)
B99: MESA 13 | F99: MESA 14
B100: NOME | C100: ADULTO | D100: CRIANÇA | F100: NOME | G100: ADULTO | H100: CRIANÇA
B101: 1- | F101: 1-
B102: 2- | F102: 2-
B103: 3- | F103: 3-
B104: 4- | F104: 4-
B105: 5- | F105: 5-
B106: 6- | F106: 6-
B107: 7- | F107: 7-
B108: 8- | F108: 8-
B109: 9- | F109: 9-
B110: 10- | F110: 10-
B111: QUANTIDADE | C111: =SUM(C101:C110) | D111: =SUM(D101:D110) | F111: QUANTIDADE | G111: =SUM(G101:G110) | H111: =SUM(H101:H110)
B112: TOTAL | C112: =SUM(C111:D111) | F112: TOTAL | G112: =SUM(G111:H111)
B115: MESA 15 | F115: MESA 16
B116: NOME | C116: ADULTO | D116: CRIANÇA | F116: NOME | G116: ADULTO | H116: CRIANÇA
...

Sheet Plan2
A1: Nome | B1: Pessoas | C1: Telefone | D1: Mesa | F1: Para passar para o painel:
A2: =IFERROR(IF(ISNUMBER(VALUE(LEFT(Plan1!B5,FIND("-",Plan1!B5)-1))),TRIM(MID(Plan1!B5,FIND("-",Plan1!B5)+1,200)),TRIM(Plan1!B5)),TRIM(Plan1!B5)) | B2: =IF(A2="","",MAX(1,N(Plan1!C5)+N(Plan1!D5))) | D2: =IF(A2="","",TRIM(Plan1!$B$3)) | F2: 1. Selecione as colunas A até D (clique no A e arraste até o D).
A3: =IFERROR(IF(ISNUMBER(VALUE(LEFT(Plan1!B6,FIND("-",Plan1!B6)-1))),TRIM(MID(Plan1!B6,FIND("-",Plan1!B6)+1,200)),TRIM(Plan1!B6)),TRIM(Plan1!B6)) | B3: =IF(A3="","",MAX(1,N(Plan1!C6)+N(Plan1!D6))) | D3: =IF(A3="","",TRIM(Plan1!$B$3)) | F3: 2. Copie (Ctrl+C).
A4: =IFERROR(IF(ISNUMBER(VALUE(LEFT(Plan1!B7,FIND("-",Plan1!B7)-1))),TRIM(MID(Plan1!B7,FIND("-",Plan1!B7)+1,200)),TRIM(Plan1!B7)),TRIM(Plan1!B7)) | B4: =IF(A4="","",MAX(1,N(Plan1!C7)+N(Plan1!D7))) | D4: =IF(A4="","",TRIM(Plan1!$B$3)) | F4: 3. No painel: festa → Convidados → "Adicionar vários de uma vez" → cole (Ctrl+V).
A5: =IFERROR(IF(ISNUMBER(VALUE(LEFT(Plan1!B8,FIND("-",Plan1!B8)-1))),TRIM(MID(Plan1!B8,FIND("-",Plan1!B8)+1,200)),TRIM(Plan1!B8)),TRIM(Plan1!B8)) | B5: =IF(A5="","",MAX(1,N(Plan1!C8)+N(Plan1!D8))) | D5: =IF(A5="","",TRIM(Plan1!$B$3)) | F5: 4. Confira a prévia e clique em Adicionar.
A6: =IFERROR(IF(ISNUMBER(VALUE(LEFT(Plan1!B9,FIND("-",Plan1!B9)-1))),TRIM(MID(Plan1!B9,FIND("-",Plan1!B9)+1,200)),TRIM(Plan1!B9)),TRIM(Plan1!B9)) | B6: =IF(A6="","",MAX(1,N(Plan1!C9)+N(Plan1!D9))) | D6: =IF(A6="","",TRIM(Plan1!$B$3))
A7: =IFERROR(IF(ISNUMBER(VALUE(LEFT(Plan1!B10,FIND("-",Plan1!B10)-1))),TRIM(MID(Plan1!B10,FIND("-",Plan1!B10)+1,200)),TRIM(Plan1!B10)),TRIM(Plan1!B10)) | B7: =IF(A7="","",MAX(1,N(Plan1!C10)+N(Plan1!D10))) | D7: =IF(A7="","",TRIM(Plan1!$B$3)) | F7: Esta aba se preenche sozinha com o que foi escrito na Plan1. Não precisa digitar aqui.
A8: =IFERROR(IF(ISNUMBER(VALUE(LEFT(Plan1!B11,FIND("-",Plan1!B11)-1))),TRIM(MID(Plan1!B11,FIND("-",Plan1!B11)+1,200)),TRIM(Plan1!B11)),TRIM(Plan1!B11)) | B8: =IF(A8="","",MAX(1,N(Plan1!C11)+N(Plan1!D11))) | D8: =IF(A8="","",TRIM(Plan1!$B$3)) | F8: Pessoas = ADULTO + CRIANÇA da linha (1 se estiverem vazios).
A9: =IFERROR(IF(ISNUMBER(VALUE(LEFT(Plan1!B12,FIND("-",Plan1!B12)-1))),TRIM(MID(Plan1!B12,FIND("-",Plan1!B12)+1,200)),TRIM(Plan1!B12)),TRIM(Plan1!B12)) | B9: =IF(A9="","",MAX(1,N(Plan1!C12)+N(Plan1!D12))) | D9: =IF(A9="","",TRIM(Plan1!$B$3)) | F9: Quem já está no painel só muda de mesa; mesa que não existe no painel é criada.
A10: =IFERROR(IF(ISNUMBER(VALUE(LEFT(Plan1!B13,FIND("-",Plan1!B13)-1))),TRIM(MID(Plan1!B13,FIND("-",Plan1!B13)+1,200)),TRIM(Plan1!B13)),TRIM(Plan1!B13)) | B10: =IF(A10="","",MAX(1,N(Plan1!C13)+N(Plan1!D13))) | D10: =IF(A10="","",TRIM(Plan1!$B$3))
A11: =IFERROR(IF(ISNUMBER(VALUE(LEFT(Plan1!B14,FIND("-",Plan1!B14)-1))),TRIM(MID(Plan1!B14,FIND("-",Plan1!B14)+1,200)),TRIM(Plan1!B14)),TRIM(Plan1!B14)) | B11: =IF(A11="","",MAX(1,N(Plan1!C14)+N(Plan1!D14))) | D11: =IF(A11="","",TRIM(Plan1!$B$3))
A12: =IFERROR(IF(ISNUMBER(VALUE(LEFT(Plan1!F5,FIND("-",Plan1!F5)-1))),TRIM(MID(Plan1!F5,FIND("-",Plan1!F5)+1,200)),TRIM(Plan1!F5)),TRIM(Plan1!F5)) | B12: =IF(A12="","",MAX(1,N(Plan1!G5)+N(Plan1!H5))) | D12: =IF(A12="","",TRIM(Plan1!$F$3))
A13: =IFERROR(IF(ISNUMBER(VALUE(LEFT(Plan1!F6,FIND("-",Plan1!F6)-1))),TRIM(MID(Plan1!F6,FIND("-",Plan1!F6)+1,200)),TRIM(Plan1!F6)),TRIM(Plan1!F6)) | B13: =IF(A13="","",MAX(1,N(Plan1!G6)+N(Plan1!H6))) | D13: =IF(A13="","",TRIM(Plan1!$F$3))
A14: =IFERROR(IF(ISNUMBER(VALUE(LEFT(Plan1!F7,FIND("-",Plan1!F7)-1))),TRIM(MID(Plan1!F7,FIND("-",Plan1!F7)+1,200)),TRIM(Plan1!F7)),TRIM(Plan1!F7)) | B14: =IF(A14="","",MAX(1,N(Plan1!G7)+N(Plan1!H7))) | D14: =IF(A14="","",TRIM(Plan1!$F$3))
A15: =IFERROR(IF(ISNUMBER(VALUE(LEFT(Plan1!F8,FIND("-",Plan1!F8)-1))),TRIM(MID(Plan1!F8,FIND("-",Plan1!F8)+1,200)),TRIM(Plan1!F8)),TRIM(Plan1!F8)) | B15: =IF(A15="","",MAX(1,N(Plan1!G8)+N(Plan1!H8))) | D15: =IF(A15="","",TRIM(Plan1!$F$3))
A16: =IFERROR(IF(ISNUMBER(VALUE(LEFT(Plan1!F9,FIND("-",Plan1!F9)-1))),TRIM(MID(Plan1!F9,FIND("-",Plan1!F9)+1,200)),TRIM(Plan1!F9)),TRIM(Plan1!F9)) | B16: =IF(A16="","",MAX(1,N(Plan1!G9)+N(Plan1!H9))) | D16: =IF(A16="","",TRIM(Plan1!$F$3))
A17: =IFERROR(IF(ISNUMBER(VALUE(LEFT(Plan1!F10,FIND("-",Plan1!F10)-1))),TRIM(MID(Plan1!F10,FIND("-",Plan1!F10)+1,200)),TRIM(Plan1!F10)),TRIM(Plan1!F10)) | B17: =IF(A17="","",MAX(1,N(Plan1!G10)+N(Plan1!H10))) | D17: =IF(A17="","",TRIM(Plan1!$F$3))
A18: =IFERROR(IF(ISNUMBER(VALUE(LEFT(Plan1!F11,FIND("-",Plan1!F11)-1))),TRIM(MID(Plan1!F11,FIND("-",Plan1!F11)+1,200)),TRIM(Plan1!F11)),TRIM(Plan1!F11)) | B18: =IF(A18="","",MAX(1,N(Plan1!G11)+N(Plan1!H11))) | D18: =IF(A18="","",TRIM(Plan1!$F$3))
A19: =IFERROR(IF(ISNUMBER(VALUE(LEFT(Plan1!F12,FIND("-",Plan1!F12)-1))),TRIM(MID(Plan1!F12,FIND("-",Plan1!F12)+1,200)),TRIM(Plan1!F12)),TRIM(Plan1!F12)) | B19: =IF(A19="","",MAX(1,N(Plan1!G12)+N(Plan1!H12))) | D19: =IF(A19="","",TRIM(Plan1!$F$3))
A20: =IFERROR(IF(ISNUMBER(VALUE(LEFT(Plan1!F13,FIND("-",Plan1!F13)-1))),TRIM(MID(Plan1!F13,FIND("-",Plan1!F13)+1,200)),TRIM(Plan1!F13)),TRIM(Plan1!F13)) | B20: =IF(A20="","",MAX(1,N(Plan1!G13)+N(Plan1!H13))) | D20: =IF(A20="","",TRIM(Plan1!$F$3))
A21: =IFERROR(IF(ISNUMBER(VALUE(LEFT(Plan1!F14,FIND("-",Plan1!F14)-1))),TRIM(MID(Plan1!F14,FIND("-",Plan1!F14)+1,200)),TRIM(Plan1!F14)),TRIM(Plan1!F14)) | B21: =IF(A21="","",MAX(1,N(Plan1!G14)+N(Plan1!H14))) | D21: =IF(A21="","",TRIM(Plan1!$F$3))
A22: =IFERROR(IF(ISNUMBER(VALUE(LEFT(Plan1!B21,FIND("-",Plan1!B21)-1))),TRIM(MID(Plan1!B21,FIND("-",Plan1!B21)+1,200)),TRIM(Plan1!B21)),TRIM(Plan1!B21)) | B22: =IF(A22="","",MAX(1,N(Plan1!C21)+N(Plan1!D21))) | D22: =IF(A22="","",TRIM(Plan1!$B$19))
A23: =IFERROR(IF(ISNUMBER(VALUE(LEFT(Plan1!B22,FIND("-",Plan1!B22)-1))),TRIM(MID(Plan1!B22,FIND("-",Plan1!B22)+1,200)),TRIM(Plan1!B22)),TRIM(Plan1!B22)) | B23: =IF(A23="","",MAX(1,N(Plan1!C22)+N(Plan1!D22))) | D23: =IF(A23="","",TRIM(Plan1!$B$19))
A24: =IFERROR(IF(ISNUMBER(VALUE(LEFT(Plan1!B23,FIND("-",Plan1!B23)-1))),TRIM(MID(Plan1!B23,FIND("-",Plan1!B23)+1,200)),TRIM(Plan1!B23)),TRIM(Plan1!B23)) | B24: =IF(A24="","",MAX(1,N(Plan1!C23)+N(Plan1!D23))) | D24: =IF(A24="","",TRIM(Plan1!$B$19))
A25: =IFERROR(IF(ISNUMBER(VALUE(LEFT(Plan1!B24,FIND("-",Plan1!B24)-1))),TRIM(MID(Plan1!B24,FIND("-",Plan1!B24)+1,200)),TRIM(Plan1!B24)),TRIM(Plan1!B24)) | B25: =IF(A25="","",MAX(1,N(Plan1!C24)+N(Plan1!D24))) | D25: =IF(A25="","",TRIM(Plan1!$B$19))
A26: =IFERROR(IF(ISNUMBER(VALUE(LEFT(Plan1!B25,FIND("-",Plan1!B25)-1))),TRIM(MID(Plan1!B25,FIND("-",Plan1!B25)+1,200)),TRIM(Plan1!B25)),TRIM(Plan1!B25)) | B26: =IF(A26="","",MAX(1,N(Plan1!C25)+N(Plan1!D25))) | D26: =IF(A26="","",TRIM(Plan1!$B$19))
A27: =IFERROR(IF(ISNUMBER(VALUE(LEFT(Plan1!B26,FIND("-",Plan1!B26)-1))),TRIM(MID(Plan1!B26,FIND("-",Plan1!B26)+1,200)),TRIM(Plan1!B26)),TRIM(Plan1!B26)) | B27: =IF(A27="","",MAX(1,N(Plan1!C26)+N(Plan1!D26))) | D27: =IF(A27="","",TRIM(Plan1!$B$19))
A28: =IFERROR(IF(ISNUMBER(VALUE(LEFT(Plan1!B27,FIND("-",Plan1!B27)-1))),TRIM(MID(Plan1!B27,FIND("-",Plan1!B27)+1,200)),TRIM(Plan1!B27)),TRIM(Plan1!B27)) | B28: =IF(A28="","",MAX(1,N(Plan1!C27)+N(Plan1!D27))) | D28: =IF(A28="","",TRIM(Plan1!$B$19))
A29: =IFERROR(IF(ISNUMBER(VALUE(LEFT(Plan1!B28,FIND("-",Plan1!B28)-1))),TRIM(MID(Plan1!B28,FIND("-",Plan1!B28)+1,200)),TRIM(Plan1!B28)),TRIM(Plan1!B28)) | B29: =IF(A29="","",MAX(1,N(Plan1!C28)+N(Plan1!D28))) | D29: =IF(A29="","",TRIM(Plan1!$B$19))
A30: =IFERROR(IF(ISNUMBER(VALUE(LEFT(Plan1!B29,FIND("-",Plan1!B29)-1))),TRIM(MID(Plan1!B29,FIND("-",Plan1!B29)+1,200)),TRIM(Plan1!B29)),TRIM(Plan1!B29)) | B30: =IF(A30="","",MAX(1,N(Plan1!C29)+N(Plan1!D29))) | D30: =IF(A30="","",TRIM(Plan1!$B$19))
A31: =IFERROR(IF(ISNUMBER(VALUE(LEFT(Plan1!B30,FIND("-",Plan1!B30)-1))),TRIM(MID(Plan1!B30,FIND("-",Plan1!B30)+1,200)),TRIM(Plan1!B30)),TRIM(Plan1!B30)) | B31: =IF(A31="","",MAX(1,N(Plan1!C30)+N(Plan1!D30))) | D31: =IF(A31="","",TRIM(Plan1!$B$19))
A32: =IFERROR(IF(ISNUMBER(VALUE(LEFT(Plan1!F21,FIND("-",Plan1!F21)-1))),TRIM(MID(Plan1!F21,FIND("-",Plan1!F21)+1,200)),TRIM(Plan1!F21)),TRIM(Plan1!F21)) | B32: =IF(A32="","",MAX(1,N(Plan1!G21)+N(Plan1!H21))) | D32: =IF(A32="","",TRIM(Plan1!$F$19))
A33: =IFERROR(IF(ISNUMBER(VALUE(LEFT(Plan1!F22,FIND("-",Plan1!F22)-1))),TRIM(MID(Plan1!F22,FIND("-",Plan1!F22)+1,200)),TRIM(Plan1!F22)),TRIM(Plan1!F22)) | B33: =IF(A33="","",MAX(1,N(Plan1!G22)+N(Plan1!H22))) | D33: =IF(A33="","",TRIM(Plan1!$F$19))
A34: =IFERROR(IF(ISNUMBER(VALUE(LEFT(Plan1!F23,FIND("-",Plan1!F23)-1))),TRIM(MID(Plan1!F23,FIND("-",Plan1!F23)+1,200)),TRIM(Plan1!F23)),TRIM(Plan1!F23)) | B34: =IF(A34="","",MAX(1,N(Plan1!G23)+N(Plan1!H23))) | D34: =IF(A34="","",TRIM(Plan1!$F$19))
A35: =IFERROR(IF(ISNUMBER(VALUE(LEFT(Plan1!F24,FIND("-",Plan1!F24)-1))),TRIM(MID(Plan1!F24,FIND("-",Plan1!F24)+1,200)),TRIM(Plan1!F24)),TRIM(Plan1!F24)) | B35: =IF(A35="","",MAX(1,N(Plan1!G24)+N(Plan1!H24))) | D35: =IF(A35="","",TRIM(Plan1!$F$19))
A36: =IFERROR(IF(ISNUMBER(VALUE(LEFT(Plan1!F25,FIND("-",Plan1!F25)-1))),TRIM(MID(Plan1!F25,FIND("-",Plan1!F25)+1,200)),TRIM(Plan1!F25)),TRIM(Plan1!F25)) | B36: =IF(A36="","",MAX(1,N(Plan1!G25)+N(Plan1!H25))) | D36: =IF(A36="","",TRIM(Plan1!$F$19))
A37: =IFERROR(IF(ISNUMBER(VALUE(LEFT(Plan1!F26,FIND("-",Plan1!F26)-1))),TRIM(MID(Plan1!F26,FIND("-",Plan1!F26)+1,200)),TRIM(Plan1!F26)),TRIM(Plan1!F26)) | B37: =IF(A37="","",MAX(1,N(Plan1!G26)+N(Plan1!H26))) | D37: =IF(A37="","",TRIM(Plan1!$F$19))
A38: =IFERROR(IF(ISNUMBER(VALUE(LEFT(Plan1!F27,FIND("-",Plan1!F27)-1))),TRIM(MID(Plan1!F27,FIND("-",Plan1!F27)+1,200)),TRIM(Plan1!F27)),TRIM(Plan1!F27)) | B38: =IF(A38="","",MAX(1,N(Plan1!G27)+N(Plan1!H27))) | D38: =IF(A38="","",TRIM(Plan1!$F$19))
A39: =IFERROR(IF(ISNUMBER(VALUE(LEFT(Plan1!F28,FIND("-",Plan1!F28)-1))),TRIM(MID(Plan1!F28,FIND("-",Plan1!F28)+1,200)),TRIM(Plan1!F28)),TRIM(Plan1!F28)) | B39: =IF(A39="","",MAX(1,N(Plan1!G28)+N(Plan1!H28))) | D39: =IF(A39="","",TRIM(Plan1!$F$19))
A40: =IFERROR(IF(ISNUMBER(VALUE(LEFT(Plan1!F29,FIND("-",Plan1!F29)-1))),TRIM(MID(Plan1!F29,FIND("-",Plan1!F29)+1,200)),TRIM(Plan1!F29)),TRIM(Plan1!F29)) | B40: =IF(A40="","",MAX(1,N(Plan1!G29)+N(Plan1!H29))) | D40: =IF(A40="","",TRIM(Plan1!$F$19))
A41: =IFERROR(IF(ISNUMBER(VALUE(LEFT(Plan1!F30,FIND("-",Plan1!F30)-1))),TRIM(MID(Plan1!F30,FIND("-",Plan1!F30)+1,200)),TRIM(Plan1!F30)),TRIM(Plan1!F30)) | B41: =IF(A41="","",MAX(1,N(Plan1!G30)+N(Plan1!H30))) | D41: =IF(A41="","",TRIM(Plan1!$F$19))
A42: =IFERROR(IF(ISNUMBER(VALUE(LEFT(Plan1!B37,FIND("-",Plan1!B37)-1))),TRIM(MID(Plan1!B37,FIND("-",Plan1!B37)+1,200)),TRIM(Plan1!B37)),TRIM(Plan1!B37)) | B42: =IF(A42="","",MAX(1,N(Plan1!C37)+N(Plan1!D37))) | D42: =IF(A42="","",TRIM(Plan1!$B$35))
A43: =IFERROR(IF(ISNUMBER(VALUE(LEFT(Plan1!B38,FIND("-",Plan1!B38)-1))),TRIM(MID(Plan1!B38,FIND("-",Plan1!B38)+1,200)),TRIM(Plan1!B38)),TRIM(Plan1!B38)) | B43: =IF(A43="","",MAX(1,N(Plan1!C38)+N(Plan1!D38))) | D43: =IF(A43="","",TRIM(Plan1!$B$35))
A44: =IFERROR(IF(ISNUMBER(VALUE(LEFT(Plan1!B39,FIND("-",Plan1!B39)-1))),TRIM(MID(Plan1!B39,FIND("-",Plan1!B39)+1,200)),TRIM(Plan1!B39)),TRIM(Plan1!B39)) | B44: =IF(A44="","",MAX(1,N(Plan1!C39)+N(Plan1!D39))) | D44: =IF(A44="","",TRIM(Plan1!$B$35))
A45: =IFERROR(IF(ISNUMBER(VALUE(LEFT(Plan1!B40,FIND("-",Plan1!B40)-1))),TRIM(MID(Plan1!B40,FIND("-",Plan1!B40)+1,200)),TRIM(Plan1!B40)),TRIM(Plan1!B40)) | B45: =IF(A45="","",MAX(1,N(Plan1!C40)+N(Plan1!D40))) | D45: =IF(A45="","",TRIM(Plan1!$B$35))
A46: =IFERROR(IF(ISNUMBER(VALUE(LEFT(Plan1!B41,FIND("-",Plan1!B41)-1))),TRIM(MID(Plan1!B41,FIND("-",Plan1!B41)+1,200)),TRIM(Plan1!B41)),TRIM(Plan1!B41)) | B46: =IF(A46="","",MAX(1,N(Plan1!C41)+N(Plan1!D41))) | D46: =IF(A46="","",TRIM(Plan1!$B$35))
A47: =IFERROR(IF(ISNUMBER(VALUE(LEFT(Plan1!B42,FIND("-",Plan1!B42)-1))),TRIM(MID(Plan1!B42,FIND("-",Plan1!B42)+1,200)),TRIM(Plan1!B42)),TRIM(Plan1!B42)) | B47: =IF(A47="","",MAX(1,N(Plan1!C42)+N(Plan1!D42))) | D47: =IF(A47="","",TRIM(Plan1!$B$35))
A48: =IFERROR(IF(ISNUMBER(VALUE(LEFT(Plan1!B43,FIND("-",Plan1!B43)-1))),TRIM(MID(Plan1!B43,FIND("-",Plan1!B43)+1,200)),TRIM(Plan1!B43)),TRIM(Plan1!B43)) | B48: =IF(A48="","",MAX(1,N(Plan1!C43)+N(Plan1!D43))) | D48: =IF(A48="","",TRIM(Plan1!$B$35))
A49: =IFERROR(IF(ISNUMBER(VALUE(LEFT(Plan1!B44,FIND("-",Plan1!B44)-1))),TRIM(MID(Plan1!B44,FIND("-",Plan1!B44)+1,200)),TRIM(Plan1!B44)),TRIM(Plan1!B44)) | B49: =IF(A49="","",MAX(1,N(Plan1!C44)+N(Plan1!D44))) | D49: =IF(A49="","",TRIM(Plan1!$B$35))
A50: =IFERROR(IF(ISNUMBER(VALUE(LEFT(Plan1!B45,FIND("-",Plan1!B45)-1))),TRIM(MID(Plan1!B45,FIND("-",Plan1!B45)+1,200)),TRIM(Plan1!B45)),TRIM(Plan1!B45)) | B50: =IF(A50="","",MAX(1,N(Plan1!C45)+N(Plan1!D45))) | D50: =IF(A50="","",TRIM(Plan1!$B$35))
A51: =IFERROR(IF(ISNUMBER(VALUE(LEFT(Plan1!B46,FIND("-",Plan1!B46)-1))),TRIM(MID(Plan1!B46,FIND("-",Plan1!B46)+1,200)),TRIM(Plan1!B46)),TRIM(Plan1!B46)) | B51: =IF(A51="","",MAX(1,N(Plan1!C46)+N(Plan1!D46))) | D51: =IF(A51="","",TRIM(Plan1!$B$35))
A52: =IFERROR(IF(ISNUMBER(VALUE(LEFT(Plan1!F37,FIND("-",Plan1!F37)-1))),TRIM(MID(Plan1!F37,FIND("-",Plan1!F37)+1,200)),TRIM(Plan1!F37)),TRIM(Plan1!F37)) | B52: =IF(A52="","",MAX(1,N(Plan1!G37)+N(Plan1!H37))) | D52: =IF(A52="","",TRIM(Plan1!$F$35))
A53: =IFERROR(IF(ISNUMBER(VALUE(LEFT(Plan1!F38,FIND("-",Plan1!F38)-1))),TRIM(MID(Plan1!F38,FIND("-",Plan1!F38)+1,200)),TRIM(Plan1!F38)),TRIM(Plan1!F38)) | B53: =IF(A53="","",MAX(1,N(Plan1!G38)+N(Plan1!H38))) | D53: =IF(A53="","",TRIM(Plan1!$F$35))
A54: =IFERROR(IF(ISNUMBER(VALUE(LEFT(Plan1!F39,FIND("-",Plan1!F39)-1))),TRIM(MID(Plan1!F39,FIND("-",Plan1!F39)+1,200)),TRIM(Plan1!F39)),TRIM(Plan1!F39)) | B54: =IF(A54="","",MAX(1,N(Plan1!G39)+N(Plan1!H39))) | D54: =IF(A54="","",TRIM(Plan1!$F$35))
A55: =IFERROR(IF(ISNUMBER(VALUE(LEFT(Plan1!F40,FIND("-",Plan1!F40)-1))),TRIM(MID(Plan1!F40,FIND("-",Plan1!F40)+1,200)),TRIM(Plan1!F40)),TRIM(Plan1!F40)) | B55: =IF(A55="","",MAX(1,N(Plan1!G40)+N(Plan1!H40))) | D55: =IF(A55="","",TRIM(Plan1!$F$35))
A56: =IFERROR(IF(ISNUMBER(VALUE(LEFT(Plan1!F41,FIND("-",Plan1!F41)-1))),TRIM(MID(Plan1!F41,FIND("-",Plan1!F41)+1,200)),TRIM(Plan1!F41)),TRIM(Plan1!F41)) | B56: =IF(A56="","",MAX(1,N(Plan1!G41)+N(Plan1!H41))) | D56: =IF(A56="","",TRIM(Plan1!$F$35))
A57: =IFERROR(IF(ISNUMBER(VALUE(LEFT(Plan1!F42,FIND("-",Plan1!F42)-1))),TRIM(MID(Plan1!F42,FIND("-",Plan1!F42)+1,200)),TRIM(Plan1!F42)),TRIM(Plan1!F42)) | B57: =IF(A57="","",MAX(1,N(Plan1!G42)+N(Plan1!H42))) | D57: =IF(A57="","",TRIM(Plan1!$F$35))
A58: =IFERROR(IF(ISNUMBER(VALUE(LEFT(Plan1!F43,FIND("-",Plan1!F43)-1))),TRIM(MID(Plan1!F43,FIND("-",Plan1!F43)+1,200)),TRIM(Plan1!F43)),TRIM(Plan1!F43)) | B58: =IF(A58="","",MAX(1,N(Plan1!G43)+N(Plan1!H43))) | D58: =IF(A58="","",TRIM(Plan1!$F$35))
A59: =IFERROR(IF(ISNUMBER(VALUE(LEFT(Plan1!F44,FIND("-",Plan1!F44)-1))),TRIM(MID(Plan1!F44,FIND("-",Plan1!F44)+1,200)),TRIM(Plan1!F44)),TRIM(Plan1!F44)) | B59: =IF(A59="","",MAX(1,N(Plan1!G44)+N(Plan1!H44))) | D59: =IF(A59="","",TRIM(Plan1!$F$35))
A60: =IFERROR(IF(ISNUMBER(VALUE(LEFT(Plan1!F45,FIND("-",Plan1!F45)-1))),TRIM(MID(Plan1!F45,FIND("-",Plan1!F45)+1,200)),TRIM(Plan1!F45)),TRIM(Plan1!F45)) | B60: =IF(A60="","",MAX(1,N(Plan1!G45)+N(Plan1!H45))) | D60: =IF(A60="","",TRIM(Plan1!$F$35))
A61: =IFERROR(IF(ISNUMBER(VALUE(LEFT(Plan1!F46,FIND("-",Plan1!F46)-1))),TRIM(MID(Plan1!F46,FIND("-",Plan1!F46)+1,200)),TRIM(Plan1!F46)),TRIM(Plan1!F46)) | B61: =IF(A61="","",MAX(1,N(Plan1!G46)+N(Plan1!H46))) | D61: =IF(A61="","",TRIM(Plan1!$F$35))
A62: =IFERROR(IF(ISNUMBER(VALUE(LEFT(Plan1!B53,FIND("-",Plan1!B53)-1))),TRIM(MID(Plan1!B53,FIND("-",Plan1!B53)+1,200)),TRIM(Plan1!B53)),TRIM(Plan1!B53)) | B62: =IF(A62="","",MAX(1,N(Plan1!C53)+N(Plan1!D53))) | D62: =IF(A62="","",TRIM(Plan1!$B$51))
A63: =IFERROR(IF(ISNUMBER(VALUE(LEFT(Plan1!B54,FIND("-",Plan1!B54)-1))),TRIM(MID(Plan1!B54,FIND("-",Plan1!B54)+1,200)),TRIM(Plan1!B54)),TRIM(Plan1!B54)) | B63: =IF(A63="","",MAX(1,N(Plan1!C54)+N(Plan1!D54))) | D63: =IF(A63="","",TRIM(Plan1!$B$51))
A64: =IFERROR(IF(ISNUMBER(VALUE(LEFT(Plan1!B55,FIND("-",Plan1!B55)-1))),TRIM(MID(Plan1!B55,FIND("-",Plan1!B55)+1,200)),TRIM(Plan1!B55)),TRIM(Plan1!B55)) | B64: =IF(A64="","",MAX(1,N(Plan1!C55)+N(Plan1!D55))) | D64: =IF(A64="","",TRIM(Plan1!$B$51))
A65: =IFERROR(IF(ISNUMBER(VALUE(LEFT(Plan1!B56,FIND("-",Plan1!B56)-1))),TRIM(MID(Plan1!B56,FIND("-",Plan1!B56)+1,200)),TRIM(Plan1!B56)),TRIM(Plan1!B56)) | B65: =IF(A65="","",MAX(1,N(Plan1!C56)+N(Plan1!D56))) | D65: =IF(A65="","",TRIM(Plan1!$B$51))
A66: =IFERROR(IF(ISNUMBER(VALUE(LEFT(Plan1!B57,FIND("-",Plan1!B57)-1))),TRIM(MID(Plan1!B57,FIND("-",Plan1!B57)+1,200)),TRIM(Plan1!B57)),TRIM(Plan1!B57)) | B66: =IF(A66="","",MAX(1,N(Plan1!C57)+N(Plan1!D57))) | D66: =IF(A66="","",TRIM(Plan1!$B$51))
A67: =IFERROR(IF(ISNUMBER(VALUE(LEFT(Plan1!B58,FIND("-",Plan1!B58)-1))),TRIM(MID(Plan1!B58,FIND("-",Plan1!B58)+1,200)),TRIM(Plan1!B58)),TRIM(Plan1!B58)) | B67: =IF(A67="","",MAX(1,N(Plan1!C58)+N(Plan1!D58))) | D67: =IF(A67="","",TRIM(Plan1!$B$51))
A68: =IFERROR(IF(ISNUMBER(VALUE(LEFT(Plan1!B59,FIND("-",Plan1!B59)-1))),TRIM(MID(Plan1!B59,FIND("-",Plan1!B59)+1,200)),TRIM(Plan1!B59)),TRIM(Plan1!B59)) | B68: =IF(A68="","",MAX(1,N(Plan1!C59)+N(Plan1!D59))) | D68: =IF(A68="","",TRIM(Plan1!$B$51))
A69: =IFERROR(IF(ISNUMBER(VALUE(LEFT(Plan1!B60,FIND("-",Plan1!B60)-1))),TRIM(MID(Plan1!B60,FIND("-",Plan1!B60)+1,200)),TRIM(Plan1!B60)),TRIM(Plan1!B60)) | B69: =IF(A69="","",MAX(1,N(Plan1!C60)+N(Plan1!D60))) | D69: =IF(A69="","",TRIM(Plan1!$B$51))
A70: =IFERROR(IF(ISNUMBER(VALUE(LEFT(Plan1!B61,FIND("-",Plan1!B61)-1))),TRIM(MID(Plan1!B61,FIND("-",Plan1!B61)+1,200)),TRIM(Plan1!B61)),TRIM(Plan1!B61)) | B70: =IF(A70="","",MAX(1,N(Plan1!C61)+N(Plan1!D61))) | D70: =IF(A70="","",TRIM(Plan1!$B$51))
A71: =IFERROR(IF(ISNUMBER(VALUE(LEFT(Plan1!B62,FIND("-",Plan1!B62)-1))),TRIM(MID(Plan1!B62,FIND("-",Plan1!B62)+1,200)),TRIM(Plan1!B62)),TRIM(Plan1!B62)) | B71: =IF(A71="","",MAX(1,N(Plan1!C62)+N(Plan1!D62))) | D71: =IF(A71="","",TRIM(Plan1!$B$51))
A72: =IFERROR(IF(ISNUMBER(VALUE(LEFT(Plan1!F53,FIND("-",Plan1!F53)-1))),TRIM(MID(Plan1!F53,FIND("-",Plan1!F53)+1,200)),TRIM(Plan1!F53)),TRIM(Plan1!F53)) | B72: =IF(A72="","",MAX(1,N(Plan1!G53)+N(Plan1!H53))) | D72: =IF(A72="","",TRIM(Plan1!$F$51))
A73: =IFERROR(IF(ISNUMBER(VALUE(LEFT(Plan1!F54,FIND("-",Plan1!F54)-1))),TRIM(MID(Plan1!F54,FIND("-",Plan1!F54)+1,200)),TRIM(Plan1!F54)),TRIM(Plan1!F54)) | B73: =IF(A73="","",MAX(1,N(Plan1!G54)+N(Plan1!H54))) | D73: =IF(A73="","",TRIM(Plan1!$F$51))
A74: =IFERROR(IF(ISNUMBER(VALUE(LEFT(Plan1!F55,FIND("-",Plan1!F55)-1))),TRIM(MID(Plan1!F55,FIND("-",Plan1!F55)+1,200)),TRIM(Plan1!F55)),TRIM(Plan1!F55)) | B74: =IF(A74="","",MAX(1,N(Plan1!G55)+N(Plan1!H55))) | D74: =IF(A74="","",TRIM(Plan1!$F$51))
A75: =IFERROR(IF(ISNUMBER(VALUE(LEFT(Plan1!F56,FIND("-",Plan1!F56)-1))),TRIM(MID(Plan1!F56,FIND("-",Plan1!F56)+1,200)),TRIM(Plan1!F56)),TRIM(Plan1!F56)) | B75: =IF(A75="","",MAX(1,N(Plan1!G56)+N(Plan1!H56))) | D75: =IF(A75="","",TRIM(Plan1!$F$51))
A76: =IFERROR(IF(ISNUMBER(VALUE(LEFT(Plan1!F57,FIND("-",Plan1!F57)-1))),TRIM(MID(Plan1!F57,FIND("-",Plan1!F57)+1,200)),TRIM(Plan1!F57)),TRIM(Plan1!F57)) | B76: =IF(A76="","",MAX(1,N(Plan1!G57)+N(Plan1!H57))) | D76: =IF(A76="","",TRIM(Plan1!$F$51))
A77: =IFERROR(IF(ISNUMBER(VALUE(LEFT(Plan1!F58,FIND("-",Plan1!F58)-1))),TRIM(MID(Plan1!F58,FIND("-",Plan1!F58)+1,200)),TRIM(Plan1!F58)),TRIM(Plan1!F58)) | B77: =IF(A77="","",MAX(1,N(Plan1!G58)+N(Plan1!H58))) | D77: =IF(A77="","",TRIM(Plan1!$F$51))
A78: =IFERROR(IF(ISNUMBER(VALUE(LEFT(Plan1!F59,FIND("-",Plan1!F59)-1))),TRIM(MID(Plan1!F59,FIND("-",Plan1!F59)+1,200)),TRIM(Plan1!F59)),TRIM(Plan1!F59)) | B78: =IF(A78="","",MAX(1,N(Plan1!G59)+N(Plan1!H59))) | D78: =IF(A78="","",TRIM(Plan1!$F$51))
A79: =IFERROR(IF(ISNUMBER(VALUE(LEFT(Plan1!F60,FIND("-",Plan1!F60)-1))),TRIM(MID(Plan1!F60,FIND("-",Plan1!F60)+1,200)),TRIM(Plan1!F60)),TRIM(Plan1!F60)) | B79: =IF(A79="","",MAX(1,N(Plan1!G60)+N(Plan1!H60))) | D79: =IF(A79="","",TRIM(Plan1!$F$51))
A80: =IFERROR(IF(ISNUMBER(VALUE(LEFT(Plan1!F61,FIND("-",Plan1!F61)-1))),TRIM(MID(Plan1!F61,FIND("-",Plan1!F61)+1,200)),TRIM(Plan1!F61)),TRIM(Plan1!F61)) | B80: =IF(A80="","",MAX(1,N(Plan1!G61)+N(Plan1!H61))) | D80: =IF(A80="","",TRIM(Plan1!$F$51))
A81: =IFERROR(IF(ISNUMBER(VALUE(LEFT(Plan1!F62,FIND("-",Plan1!F62)-1))),TRIM(MID(Plan1!F62,FIND("-",Plan1!F62)+1,200)),TRIM(Plan1!F62)),TRIM(Plan1!F62)) | B81: =IF(A81="","",MAX(1,N(Plan1!G62)+N(Plan1!H62))) | D81: =IF(A81="","",TRIM(Plan1!$F$51))
A82: =IFERROR(IF(ISNUMBER(VALUE(LEFT(Plan1!B69,FIND("-",Plan1!B69)-1))),TRIM(MID(Plan1!B69,FIND("-",Plan1!B69)+1,200)),TRIM(Plan1!B69)),TRIM(Plan1!B69)) | B82: =IF(A82="","",MAX(1,N(Plan1!C69)+N(Plan1!D69))) | D82: =IF(A82="","",TRIM(Plan1!$B$67))
A83: =IFERROR(IF(ISNUMBER(VALUE(LEFT(Plan1!B70,FIND("-",Plan1!B70)-1))),TRIM(MID(Plan1!B70,FIND("-",Plan1!B70)+1,200)),TRIM(Plan1!B70)),TRIM(Plan1!B70)) | B83: =IF(A83="","",MAX(1,N(Plan1!C70)+N(Plan1!D70))) | D83: =IF(A83="","",TRIM(Plan1!$B$67))
A84: =IFERROR(IF(ISNUMBER(VALUE(LEFT(Plan1!B71,FIND("-",Plan1!B71)-1))),TRIM(MID(Plan1!B71,FIND("-",Plan1!B71)+1,200)),TRIM(Plan1!B71)),TRIM(Plan1!B71)) | B84: =IF(A84="","",MAX(1,N(Plan1!C71)+N(Plan1!D71))) | D84: =IF(A84="","",TRIM(Plan1!$B$67))
A85: =IFERROR(IF(ISNUMBER(VALUE(LEFT(Plan1!B72,FIND("-",Plan1!B72)-1))),TRIM(MID(Plan1!B72,FIND("-",Plan1!B72)+1,200)),TRIM(Plan1!B72)),TRIM(Plan1!B72)) | B85: =IF(A85="","",MAX(1,N(Plan1!C72)+N(Plan1!D72))) | D85: =IF(A85="","",TRIM(Plan1!$B$67))
A86: =IFERROR(IF(ISNUMBER(VALUE(LEFT(Plan1!B73,FIND("-",Plan1!B73)-1))),TRIM(MID(Plan1!B73,FIND("-",Plan1!B73)+1,200)),TRIM(Plan1!B73)),TRIM(Plan1!B73)) | B86: =IF(A86="","",MAX(1,N(Plan1!C73)+N(Plan1!D73))) | D86: =IF(A86="","",TRIM(Plan1!$B$67))
A87: =IFERROR(IF(ISNUMBER(VALUE(LEFT(Plan1!B74,FIND("-",Plan1!B74)-1))),TRIM(MID(Plan1!B74,FIND("-",Plan1!B74)+1,200)),TRIM(Plan1!B74)),TRIM(Plan1!B74)) | B87: =IF(A87="","",MAX(1,N(Plan1!C74)+N(Plan1!D74))) | D87: =IF(A87="","",TRIM(Plan1!$B$67))
A88: =IFERROR(IF(ISNUMBER(VALUE(LEFT(Plan1!B75,FIND("-",Plan1!B75)-1))),TRIM(MID(Plan1!B75,FIND("-",Plan1!B75)+1,200)),TRIM(Plan1!B75)),TRIM(Plan1!B75)) | B88: =IF(A88="","",MAX(1,N(Plan1!C75)+N(Plan1!D75))) | D88: =IF(A88="","",TRIM(Plan1!$B$67))
A89: =IFERROR(IF(ISNUMBER(VALUE(LEFT(Plan1!B76,FIND("-",Plan1!B76)-1))),TRIM(MID(Plan1!B76,FIND("-",Plan1!B76)+1,200)),TRIM(Plan1!B76)),TRIM(Plan1!B76)) | B89: =IF(A89="","",MAX(1,N(Plan1!C76)+N(Plan1!D76))) | D89: =IF(A89="","",TRIM(Plan1!$B$67))
A90: =IFERROR(IF(ISNUMBER(VALUE(LEFT(Plan1!B77,FIND("-",Plan1!B77)-1))),TRIM(MID(Plan1!B77,FIND("-",Plan1!B77)+1,200)),TRIM(Plan1!B77)),TRIM(Plan1!B77)) | B90: =IF(A90="","",MAX(1,N(Plan1!C77)+N(Plan1!D77))) | D90: =IF(A90="","",TRIM(Plan1!$B$67))
A91: =IFERROR(IF(ISNUMBER(VALUE(LEFT(Plan1!B78,FIND("-",Plan1!B78)-1))),TRIM(MID(Plan1!B78,FIND("-",Plan1!B78)+1,200)),TRIM(Plan1!B78)),TRIM(Plan1!B78)) | B91: =IF(A91="","",MAX(1,N(Plan1!C78)+N(Plan1!D78))) | D91: =IF(A91="","",TRIM(Plan1!$B$67))
A92: =IFERROR(IF(ISNUMBER(VALUE(LEFT(Plan1!F69,FIND("-",Plan1!F69)-1))),TRIM(MID(Plan1!F69,FIND("-",Plan1!F69)+1,200)),TRIM(Plan1!F69)),TRIM(Plan1!F69)) | B92: =IF(A92="","",MAX(1,N(Plan1!G69)+N(Plan1!H69))) | D92: =IF(A92="","",TRIM(Plan1!$F$67))
A93: =IFERROR(IF(ISNUMBER(VALUE(LEFT(Plan1!F70,FIND("-",Plan1!F70)-1))),TRIM(MID(Plan1!F70,FIND("-",Plan1!F70)+1,200)),TRIM(Plan1!F70)),TRIM(Plan1!F70)) | B93: =IF(A93="","",MAX(1,N(Plan1!G70)+N(Plan1!H70))) | D93: =IF(A93="","",TRIM(Plan1!$F$67))
A94: =IFERROR(IF(ISNUMBER(VALUE(LEFT(Plan1!F71,FIND("-",Plan1!F71)-1))),TRIM(MID(Plan1!F71,FIND("-",Plan1!F71)+1,200)),TRIM(Plan1!F71)),TRIM(Plan1!F71)) | B94: =IF(A94="","",MAX(1,N(Plan1!G71)+N(Plan1!H71))) | D94: =IF(A94="","",TRIM(Plan1!$F$67))
A95: =IFERROR(IF(ISNUMBER(VALUE(LEFT(Plan1!F72,FIND("-",Plan1!F72)-1))),TRIM(MID(Plan1!F72,FIND("-",Plan1!F72)+1,200)),TRIM(Plan1!F72)),TRIM(Plan1!F72)) | B95: =IF(A95="","",MAX(1,N(Plan1!G72)+N(Plan1!H72))) | D95: =IF(A95="","",TRIM(Plan1!$F$67))
A96: =IFERROR(IF(ISNUMBER(VALUE(LEFT(Plan1!F73,FIND("-",Plan1!F73)-1))),TRIM(MID(Plan1!F73,FIND("-",Plan1!F73)+1,200)),TRIM(Plan1!F73)),TRIM(Plan1!F73)) | B96: =IF(A96="","",MAX(1,N(Plan1!G73)+N(Plan1!H73))) | D96: =IF(A96="","",TRIM(Plan1!$F$67))
A97: =IFERROR(IF(ISNUMBER(VALUE(LEFT(Plan1!F74,FIND("-",Plan1!F74)-1))),TRIM(MID(Plan1!F74,FIND("-",Plan1!F74)+1,200)),TRIM(Plan1!F74)),TRIM(Plan1!F74)) | B97: =IF(A97="","",MAX(1,N(Plan1!G74)+N(Plan1!H74))) | D97: =IF(A97="","",TRIM(Plan1!$F$67))
A98: =IFERROR(IF(ISNUMBER(VALUE(LEFT(Plan1!F75,FIND("-",Plan1!F75)-1))),TRIM(MID(Plan1!F75,FIND("-",Plan1!F75)+1,200)),TRIM(Plan1!F75)),TRIM(Plan1!F75)) | B98: =IF(A98="","",MAX(1,N(Plan1!G75)+N(Plan1!H75))) | D98: =IF(A98="","",TRIM(Plan1!$F$67))
A99: =IFERROR(IF(ISNUMBER(VALUE(LEFT(Plan1!F76,FIND("-",Plan1!F76)-1))),TRIM(MID(Plan1!F76,FIND("-",Plan1!F76)+1,200)),TRIM(Plan1!F76)),TRIM(Plan1!F76)) | B99: =IF(A99="","",MAX(1,N(Plan1!G76)+N(Plan1!H76))) | D99: =IF(A99="","",TRIM(Plan1!$F$67))
A100: =IFERROR(IF(ISNUMBER(VALUE(LEFT(Plan1!F77,FIND("-",Plan1!F77)-1))),TRIM(MID(Plan1!F77,FIND("-",Plan1!F77)+1,200)),TRIM(Plan1!F77)),TRIM(Plan1!F77)) | B100: =IF(A100="","",MAX(1,N(Plan1!G77)+N(Plan1!H77))) | D100: =IF(A100="","",TRIM(Plan1!$F$67))
...

Sheet Plan3
